[
  {
      "name": "Flea & Tick Collar",
      "description": "Protect your pet from fleas and ticks for up to 8 months.",
      "image": "/imagini/collar.png",
      "type": "accessory"
  },
  {
      "name": "Dog Vitamin Supplement",
      "description": "Daily multivitamin with essential nutrients.",
      "image": "/imagini/vitamins.png",
      "type": "pharmacy"
  },
  {
      "name": "Cat Scratching Post",
      "description": "Durable sisal post perfect for nail health and play.",
      "image": "/imagini/scratching.png",
      "type": "accessory"
  },
  {
      "name": "Rabbit Hay Feeder",
      "description": "Keeps hay clean and easy to access for small pets.",
      "image": "/imagini/hayfeeder.png",
      "type": "accessory"
  },
  {
      "name": "Pet Travel Carrier",
      "description": "Safe and comfortable carrier for small pets and cats.",
      "image": "/imagini/carrier.png",
      "type": "accessory"
  },
  {
      "name": "Chew Toy for Dogs",
      "description": "Helps with dental health and boredom relief.",
      "image": "/imagini/chewtoy.png",
      "type": "accessory"
  },
  {
      "name": "Guinea Pig Vitamin Drops",
      "description": "Essential vitamins for guinea pig immune support.",
      "image": "/imagini/vitamindrops.png",
      "type": "pharmacy"
  },
  {
      "name": "Parrot Mineral Block",
      "description": "Supports beak health and provides essential minerals.",
      "image": "/imagini/mineralblock.png",
      "type": "pharmacy"
  },
  {
      "name": "Catnip Mouse Toy",
      "description": "Fun toy filled with organic catnip for playtime.",
      "image": "/imagini/catnipmouse.png",
      "type": "accessory"
  },
  {
      "name": "Dog Joint Supplement",
      "description": "Promotes mobility and joint health in dogs.",
      "image": "/imagini/jointsupplement.png",
      "type": "pharmacy"
  },
  {
      "name": "Small Pet Water Bottle",
      "description": "Leak-proof water dispenser for hamsters and guinea pigs.",
      "image": "/imagini/waterbottle.png",
      "type": "accessory"
  },
  {
      "name": "Hamster Running Wheel",
      "description": "Quiet and safe wheel for small pet exercise.",
      "image": "/imagini/runningwheel.png",
      "type": "accessory"
  },
  {
      "name": "Dog Dental Sticks",
      "description": "Cleans teeth and freshens breath with every chew.",
      "image": "/imagini/dentalsticks.png",
      "type": "pharmacy"
  },
  {
      "name": "Cat Tunnel Toy",
      "description": "Collapsible play tunnel for cats to run and hide.",
      "image": "/imagini/cattunnel.png",
      "type": "accessory"
  },
  {
      "name": "Ferret Shampoo",
      "description": "Gentle formula designed for ferrets' sensitive skin.",
      "image": "/imagini/ferretshampoo.png",
      "type": "pharmacy"
  },
  {
      "name": "Pet Nail Clippers",
      "description": "Safe and easy nail trimming tool for pets.",
      "image": "/imagini/nailclippers.png",
      "type": "accessory"
  },
  {
      "name": "Cat Ear Cleaner",
      "description": "Removes wax and debris from cats' ears gently.",
      "image": "/imagini/earcleaner.png",
      "type": "pharmacy"
  },
  {
      "name": "Bird Perch Toy",
      "description": "Colorful perch toy to keep birds active and engaged.",
      "image": "/imagini/perchtoy.png",
      "type": "accessory"
  },
  {
      "name": "Dog Paw Balm",
      "description": "Soothes and protects dry, cracked paws.",
      "image": "/imagini/pawbalm.png",
      "type": "pharmacy"
  },
  {
      "name": "Cat Litter Mat",
      "description": "Traps litter from paws and keeps floors clean.",
      "image": "/imagini/littermat.png",
      "type": "accessory"
  }
]